control,name,cost_per_year,risk,reduction
C1,second factor for staff,3000,T03,0.8
C2,console on the clinic network only,6000,T03,0.5
C3,webhook signature and amount check,1400,T01,0.95
C4,ownership check on exam downloads,2000,T07,0.9
C5,least-privilege account for the worker,500,T13,0.9
C6,isolated viewer for exam PDFs,18000,T14,0.8
C7,sign-in rate limit and breached passwords,2500,T02,0.6
C8,reminder text without the clinic,200,T08,0.9
C9,upload size and type limit,800,T10,0.9
C10,daily cap on reminder messages,800,T11,0.8
C11,receptionist role without clinical notes,3500,T03,0.3
