id,risk,per_year,loss,per_year_low,per_year_high,loss_low,loss_high
T01,forged payment webhook,0.5,12000,0.1,2,4000,40000
T02,patient account taken over,6,1500,2,15,500,4000
T03,staff account phished to records,0.3,250000,0.05,1,60000,1000000
T07,other patients' exams downloaded,0.2,80000,0.05,0.8,20000,300000
T08,reminder reveals treatment,2,2000,0.5,6,500,8000
T10,uploads fill the storage,1,3000,0.3,3,1000,10000
T11,reminder messages run up a bill,2,1200,0.5,6,300,4000
T13,worker flaw controls the database,0.05,300000,0.01,0.25,80000,1200000
T14,crafted PDF on a clinic computer,0.075,120000,0.02,0.3,30000,500000
