table_name,column_name,class
fact_sales,date_key,none
fact_sales,shop_key,none
fact_sales,book_key,none
fact_sales,customer_key,pseudonymous
fact_sales,promotion_key,none
fact_sales,order_id,pseudonymous
fact_sales,line_no,none
fact_sales,quantity,none
fact_sales,gross_cents,none
fact_sales,discount_cents,none
fact_sales,net_cents,none
fact_payments,date_key,none
fact_payments,shop_key,none
fact_payments,customer_key,pseudonymous
fact_payments,order_id,pseudonymous
fact_payments,payment_id,pseudonymous
fact_payments,method,none
fact_payments,installments,none
fact_payments,amount_cents,none
fact_inventory,date_key,none
fact_inventory,shop_key,none
fact_inventory,book_key,none
fact_inventory,on_hand,none
fact_fulfilment,order_id,pseudonymous
fact_fulfilment,customer_key,pseudonymous
fact_fulfilment,ordered_date_key,none
fact_fulfilment,paid_date_key,none
fact_fulfilment,shipped_date_key,none
fact_fulfilment,delivered_date_key,none
fact_fulfilment,status,none
fact_fulfilment,days_to_ship,none
fact_fulfilment,days_to_deliver,none
fact_event_attendance,date_key,none
fact_event_attendance,shop_key,none
fact_event_attendance,author_key,pseudonymous
fact_event_attendance,customer_key,pseudonymous
dim_date,date_key,none
dim_date,date,none
dim_date,year,none
dim_date,quarter,none
dim_date,month,none
dim_date,month_name,none
dim_date,day_of_month,none
dim_date,day_of_week,none
dim_date,day_name,none
dim_date,is_weekend,none
dim_date,is_holiday,none
dim_date,holiday,none
dim_shop,shop_key,none
dim_shop,shop_id,none
dim_shop,shop_name,none
dim_shop,city,none
dim_shop,state,none
dim_shop,region,none
dim_shop,channel,none
dim_shop,opened_on,none
dim_book,book_key,none
dim_book,book_id,none
dim_book,isbn,none
dim_book,title,none
dim_book,authors,personal
dim_book,format,none
dim_book,category,none
dim_book,subcategory,none
dim_book,department,none
dim_book,publisher,none
dim_book,published_on,none
dim_customer,customer_key,pseudonymous
dim_customer,customer_id,personal
dim_customer,name,personal
dim_customer,tier,personal
dim_customer,city,personal
dim_customer,state,personal
dim_customer,valid_from,personal
dim_customer,valid_to,personal
dim_customer,is_current,none
dim_promotion,promotion_key,none
dim_promotion,promotion_id,none
dim_promotion,code,none
dim_promotion,promotion_name,none
dim_promotion,percent_off,none
dim_promotion,starts_on,none
dim_promotion,ends_on,none
dim_promotion,applies_to,none
dim_author,author_key,pseudonymous
dim_author,author_id,personal
dim_author,author_name,personal
dim_author,country,personal
bridge_book_author,book_key,none
bridge_book_author,author_key,pseudonymous
bridge_book_author,position,none
bridge_book_author,weight,none
