python	A aula 1 (`getting-one`) ensina a instalar por sistema operacional, e só. Faltam o caminho por VM, o caminho online e a seção sobre falhas. O validate-content não acusa nada. É uma correção pequena: não reescreva o que está certo.
git	A instalação é ensinada, mas faltam o caminho por VM, o caminho online e a seção sobre falhas. Confira também se algum repositório de exemplo é usado sem ser construído nas aulas.
linux-terminal	A auditoria o classificou como parcial. Confira se os três caminhos (Linux instalado, VM, online), o recomendado e a seção sobre falhas estão lá. Confira também se os arquivos e diretórios das transcrições são criados pelo próprio aluno nas aulas.
operating-systems	As aulas 2 a 4 instalam os três sistemas. Falta o resto do que a C-38 pede: o caminho recomendado dito com todas as letras, o que cada caminho custa ao computador do aluno e a seção sobre falhas. Confira também se alguma captura depende de uma máquina que o aluno não monta.
html-css	O validate-content acusa 6 citações do laboratório. Os arquivos de página e de estilo usados nas transcrições têm de ser mostrados por inteiro ou construídos nas aulas.
docker	O validate-content acusa 2 citações. O projeto de exemplo (shelf), que vai do código ao pipeline, tem de ser construído nas aulas ou mostrado por inteiro, e encolhido se preciso. O Docker Engine é instalado pelos pacotes oficiais.
javascript	O laboratório usa Node, Chromium e um registro npm local. O registro local é do autor: confira se alguma aula depende dele ou de um pacote que só existe ali. Faltam os caminhos e a seção sobre falhas.
kubernetes	O validate-content acusa 10 citações. O cluster kind e as imagens que as aulas usam têm de ser montados pelo aluno a partir do que a aula mostra (Docker e kind instalados, e os manifests por inteiro).
iac	A auditoria o classificou como parcial. Nenhuma aula pode depender do nível gratuito de um provedor. Confira de onde vêm as máquinas e as contas que as transcrições usam.
observability	O validate-content acusa 8 citações. Os serviços observados e o gerador de carga têm de ser construídos nas aulas ou mostrados por inteiro.
cloud	O validate-content acusa 4 citações. Nenhuma aula pode depender do nível gratuito de uma empresa: cite como opção e mostre o caminho local.
tech-support	O laboratório nunca é apresentado, e o curso nunca diz que não é preciso digitar nada. As aulas citam "the capture's header" e "the lab's header", que são só do autor, e as máquinas pc1, pc2, srv1 e intranet. Decida, com o brief, entre ensinar a montar o ambiente e dizer com clareza que as transcrições são demonstração. Tire as referências aos cabeçalhos.
portfolio-project	O validate-content acusa 12 citações. A aula le-nxekaqjr promete que o aluno pode reconstruir o repositório loanbook commit a commit, mas a história só existe no lab.sh. O deploy vai para srv/loans.lab, que ninguém ensina a montar. Faça a história ser construída nas aulas (ou tire a promessa) e ensine o servidor de deploy numa VM do aluno.
